monday,tuesday,wednesday,thursday,friday
www.wordpressite.com,www.wordpressite.com,www.wordpressite.com,www.wordpressite.com,www.wordpressite.com
www.wordpressite.com,www.wordpressite.com,www.wordpressite.com,asdad,www.wordpressite.com
www.wordpressite.com,www.wordpressite.com,www.wordpressite.com,www.wordpressite.com,test
www.wordpressite.com,www.wordpressite.com,www.wordpressite.com,www.wordpressite.com,www.wordpressite.com
www.wordpressite.com,www.wordpressite.com,www.wordpressite.com,www.wordpressite.com,www.wordpressite.com
www.wordpressite.com,www.wordpressite.com,www.wordpressite.com,www.wordpressite.com,www.wordpressite.com
www.wordpressite.com,www.wordpressite.com,www.wordpressite.com,www.wordpressite.com,www.wordpressite.com
www.wordpressite.com,www.wordpressite.com,www.wordpressite.com,asdsds,www.wordpressite.com
www.wordpressite.com,www.wordpressite.com,www.wordpressite.com,www.wordpressite.com,www.wordpressite.com
www.wordpressite.com,www.wordpressite.com,www.wordpressite.com,www.wordpressite.com,www.wordpressite.com
,,,,
